Class,Atom,Element,X,Y,Z,File
square-non-planar,AG,Ag1,0,0,0,SQUARE-NON-PLANAR.pdb
square-non-planar,N,N1,0.613,-0.416,-0.671,SQUARE-NON-PLANAR.pdb
square-non-planar,N,N2,-0.642,-0.415,-0.645,SQUARE-NON-PLANAR.pdb
square-non-planar,N,N3,-0.617,-0.516,0.595,SQUARE-NON-PLANAR.pdb
square-non-planar,N,N4,0.636,-0.508,0.58,SQUARE-NON-PLANAR.pdb
pyramid,M,M,0,0.2887,0.2887,PYRAMID.pdb
pyramid,L1,L1,-0.5,0,0,PYRAMID.pdb
pyramid,L2,L2,0.5,0,0,PYRAMID.pdb
pyramid,L3,L3,0,0.866,0,PYRAMID.pdb
sandwich_6_4,YB,Yb1,0,0,0,Sandwich_6_4.pdb
sandwich_6_4,N,N2,-0.769,0.242,-0.592,Sandwich_6_4.pdb
sandwich_6_4,N,N3,0.376,0.238,-0.896,Sandwich_6_4.pdb
sandwich_6_4,C,C14,0.589,-0.783,0.2,Sandwich_6_4.pdb
sandwich_6_4,C,C18,-0.259,-0.966,-0.006,Sandwich_6_4.pdb
sandwich_6_4,C,C19,0.22,-0.968,-0.117,Sandwich_6_4.pdb
sandwich_6_4,C,C16,-0.094,-0.625,0.775,Sandwich_6_4.pdb
sandwich_6_4,C,C15,0.406,-0.618,0.673,Sandwich_6_4.pdb
sandwich_6_4,C,C17,-0.441,-0.783,0.439,Sandwich_6_4.pdb
sandwich_6_4,N,N4,0.636,0.757,0.152,Sandwich_6_4.pdb
sandwich_6_4,N,N1,-0.495,0.744,0.45,Sandwich_6_4.pdb
bicapped-trigonal-planar,PT,Pt1,0,0,0,BICAPPED-TRIGONAL-PLANAR.pdb
bicapped-trigonal-planar,C,C2,-0.471,-0.177,0.864,BICAPPED-TRIGONAL-PLANAR.pdb
bicapped-trigonal-planar,C,C1,-0.53,-0.712,0.46,BICAPPED-TRIGONAL-PLANAR.pdb
bicapped-trigonal-planar,C,C4,0.509,0.79,-0.342,BICAPPED-TRIGONAL-PLANAR.pdb
bicapped-trigonal-planar,P,P1,0.25,-0.58,-0.775,BICAPPED-TRIGONAL-PLANAR.pdb
bicapped-trigonal-planar,C,C3,0.253,0.933,0.257,BICAPPED-TRIGONAL-PLANAR.pdb
sandwich_8_3,GD,Gd,0,0,0,Sandwich_8_3.pdb
sandwich_8_3,N,N1,-0.516,0.042,-0.856,Sandwich_8_3.pdb
sandwich_8_3,C,C29,-0.457,0.323,0.829,Sandwich_8_3.pdb
sandwich_8_3,O,O1,-0.367,-0.923,0.118,Sandwich_8_3.pdb
sandwich_8_3,O,O2,0.66,-0.568,-0.492,Sandwich_8_3.pdb
sandwich_8_3,C,C30,-0.116,-0.043,0.992,Sandwich_8_3.pdb
sandwich_8_3,C,C31,0.388,-0.141,0.911,Sandwich_8_3.pdb
sandwich_8_3,C,C34,0.5,0.856,0.132,Sandwich_8_3.pdb
sandwich_8_3,C,C35,-0.013,0.973,0.232,Sandwich_8_3.pdb
sandwich_8_3,C,C28,-0.409,0.753,0.516,Sandwich_8_3.pdb
sandwich_8_3,C,C32,0.772,0.06,0.633,Sandwich_8_3.pdb
sandwich_8_3,C,C33,0.831,0.466,0.303,Sandwich_8_3.pdb
elongated-triangular-bipyramid,K,K3,0,0,0,ELONGATED-TRIANGULAR-BIPYRAMID.pdb
elongated-triangular-bipyramid,O,O34,-0.38,-3.936,-0.601,ELONGATED-TRIANGULAR-BIPYRAMID.pdb
elongated-triangular-bipyramid,N,N31,-0.418,-1.338,-3.746,ELONGATED-TRIANGULAR-BIPYRAMID.pdb
elongated-triangular-bipyramid,O,O33,2.876,0.779,-2.669,ELONGATED-TRIANGULAR-BIPYRAMID.pdb
elongated-triangular-bipyramid,N,N30,0.435,1.286,3.763,ELONGATED-TRIANGULAR-BIPYRAMID.pdb
elongated-triangular-bipyramid,O,O31,-0.726,-2.427,3.095,ELONGATED-TRIANGULAR-BIPYRAMID.pdb
elongated-triangular-bipyramid,O,O35,-2.569,2.753,1.349,ELONGATED-TRIANGULAR-BIPYRAMID.pdb
elongated-triangular-bipyramid,O,O32,-3.34,0.804,-2.048,ELONGATED-TRIANGULAR-BIPYRAMID.pdb
elongated-triangular-bipyramid,O,O30,3.54,1.422,1.202,ELONGATED-TRIANGULAR-BIPYRAMID.pdb
dodecahedral,M,M,0,0,0,DODECAHEDRAL.pdb
dodecahedral,L1,L1,0.5,0,0.6239,DODECAHEDRAL.pdb
dodecahedral,L2,L2,-0.5,0,0.6239,DODECAHEDRAL.pdb
dodecahedral,L3,L3,0.7679,0,-0.342,DODECAHEDRAL.pdb
dodecahedral,L4,L4,-0.7679,0,-0.342,DODECAHEDRAL.pdb
dodecahedral,L5,L5,0,0.5,-0.6239,DODECAHEDRAL.pdb
dodecahedral,L6,L6,0,-0.5,-0.6239,DODECAHEDRAL.pdb
dodecahedral,L7,L7,0,0.7679,0.342,DODECAHEDRAL.pdb
dodecahedral,L8,L8,0,-0.7679,0.342,DODECAHEDRAL.pdb
sandwich_7_3,MO,Mo,0,0,0,Sandwich_7_3.pdb
sandwich_7_3,C,C1,-0.468,-0.883,-0.034,Sandwich_7_3.pdb
sandwich_7_3,C,C6,0.245,-0.558,-0.793,Sandwich_7_3.pdb
sandwich_7_3,C,C7,-0.298,-0.747,-0.594,Sandwich_7_3.pdb
sandwich_7_3,C,C20,-0.683,0.526,-0.507,Sandwich_7_3.pdb
sandwich_7_3,C,C2,-0.12,-0.879,0.461,Sandwich_7_3.pdb
sandwich_7_3,C,C21,-0.447,0.397,0.802,Sandwich_7_3.pdb
sandwich_7_3,C,C4,0.835,-0.541,0.094,Sandwich_7_3.pdb
sandwich_7_3,C,C5,0.742,-0.454,-0.493,Sandwich_7_3.pdb
sandwich_7_3,C,C3,0.462,-0.72,0.518,Sandwich_7_3.pdb
sandwich_7_3,C,C22,0.546,0.837,-0.003,Sandwich_7_3.pdb
octahedral,M,M,0,0,0,OCTAHEDRAL.pdb
octahedral,L1,L1,0.7071,0.7071,0,OCTAHEDRAL.pdb
octahedral,L2,L2,-0.7071,0.7071,0,OCTAHEDRAL.pdb
octahedral,L3,L3,-0.7071,-0.7071,0,OCTAHEDRAL.pdb
octahedral,L4,L4,0.7071,-0.7071,0,OCTAHEDRAL.pdb
octahedral,L5,L5,0,0,1,OCTAHEDRAL.pdb
octahedral,L6,L6,0,0,-1,OCTAHEDRAL.pdb
square-pyramid,M,M,0,0,0,SQUARE-PYRAMID.pdb
square-pyramid,L1,L1,0.7071,0.7071,0,SQUARE-PYRAMID.pdb
square-pyramid,L2,L2,-0.7071,0.7071,0,SQUARE-PYRAMID.pdb
square-pyramid,L3,L3,-0.7071,-0.7071,0,SQUARE-PYRAMID.pdb
square-pyramid,L4,L4,0.7071,-0.7071,0,SQUARE-PYRAMID.pdb
square-pyramid,L5,L5,0,0,1,SQUARE-PYRAMID.pdb
sandwich_8_4,SM,Sm1,0,0,0,Sandwich_8_4.pdb
sandwich_8_4,O,O3,-0.804,-0.14,-0.578,Sandwich_8_4.pdb
sandwich_8_4,O,O2,-0.602,-0.644,0.473,Sandwich_8_4.pdb
sandwich_8_4,C,C1,0.346,-0.349,-0.871,Sandwich_8_4.pdb
sandwich_8_4,C,C6,0.844,-0.459,0.278,Sandwich_8_4.pdb
sandwich_8_4,C,C7,0.604,-0.795,-0.062,Sandwich_8_4.pdb
sandwich_8_4,C,C8,0.4,-0.741,-0.54,Sandwich_8_4.pdb
sandwich_8_4,O,O1,-0.519,0.855,0.008,Sandwich_8_4.pdb
sandwich_8_4,C,C2,0.447,0.152,-0.881,Sandwich_8_4.pdb
sandwich_8_4,C,C3,0.668,0.497,-0.554,Sandwich_8_4.pdb
sandwich_8_4,C,C4,0.885,0.459,-0.075,Sandwich_8_4.pdb
sandwich_8_4,C,C5,0.962,0.058,0.268,Sandwich_8_4.pdb
sandwich_8_4,C,C9,-0.113,0.298,0.948,Sandwich_8_4.pdb
penta-trigonal-planar_i_i,U,U1,0,0,0,PENTA-TRIGONAL-PLANAR_I_I.pdb
penta-trigonal-planar_i_i,F,F1,0,0,-1,PENTA-TRIGONAL-PLANAR_I_I.pdb
penta-trigonal-planar_i_i,C,C3,-0.167,-0.899,-0.406,PENTA-TRIGONAL-PLANAR_I_I.pdb
penta-trigonal-planar_i_i,C,C1,-0.623,-0.74,0.253,PENTA-TRIGONAL-PLANAR_I_I.pdb
penta-trigonal-planar_i_i,C,C1A,-0.623,-0.74,-0.253,PENTA-TRIGONAL-PLANAR_I_I.pdb
penta-trigonal-planar_i_i,C,C2,0.096,-0.995,0,PENTA-TRIGONAL-PLANAR_I_I.pdb
penta-trigonal-planar_i_i,C,C3A,0.861,0.305,0.406,PENTA-TRIGONAL-PLANAR_I_I.pdb
penta-trigonal-planar_i_i,C,C3B,0.862,0.305,-0.406,PENTA-TRIGONAL-PLANAR_I_I.pdb
penta-trigonal-planar_i_i,C,C3C,-0.167,-0.899,0.406,PENTA-TRIGONAL-PLANAR_I_I.pdb
penta-trigonal-planar_i_i,F,F1A,0,0,1,PENTA-TRIGONAL-PLANAR_I_I.pdb
penta-trigonal-planar_i_i,C,C1B,-0.33,0.91,-0.253,PENTA-TRIGONAL-PLANAR_I_I.pdb
penta-trigonal-planar_i_i,C,C2A,-0.91,0.415,0,PENTA-TRIGONAL-PLANAR_I_I.pdb
penta-trigonal-planar_i_i,C,C1C,-0.33,0.91,0.253,PENTA-TRIGONAL-PLANAR_I_I.pdb
penta-trigonal-planar_i_i,C,C2B,0.814,0.581,0,PENTA-TRIGONAL-PLANAR_I_I.pdb
penta-trigonal-planar_i_i,C,C3D,-0.695,0.594,0.406,PENTA-TRIGONAL-PLANAR_I_I.pdb
penta-trigonal-planar_i_i,C,C3E,-0.695,0.594,-0.406,PENTA-TRIGONAL-PLANAR_I_I.pdb
penta-trigonal-planar_i_i,C,C1D,0.953,-0.169,0.253,PENTA-TRIGONAL-PLANAR_I_I.pdb
penta-trigonal-planar_i_i,C,C1E,0.953,-0.169,-0.253,PENTA-TRIGONAL-PLANAR_I_I.pdb
bicapped-octahedral,RU,Ru1,0,0,0,BICAPPED-OCTAHEDRAL.pdb
bicapped-octahedral,O,O1,-0.483,-0.846,0.227,BICAPPED-OCTAHEDRAL.pdb
bicapped-octahedral,O,O2,-0.888,0.419,-0.191,BICAPPED-OCTAHEDRAL.pdb
bicapped-octahedral,C,C11,0,-0.474,-0.88,BICAPPED-OCTAHEDRAL.pdb
bicapped-octahedral,C,C12,0.37,0.038,-0.928,BICAPPED-OCTAHEDRAL.pdb
bicapped-octahedral,O,O3,-0.195,0.125,0.973,BICAPPED-OCTAHEDRAL.pdb
bicapped-octahedral,O,O4,0.237,0.97,-0.059,BICAPPED-OCTAHEDRAL.pdb
bicapped-octahedral,C,C15,0.981,-0.033,0.192,BICAPPED-OCTAHEDRAL.pdb
bicapped-octahedral,C,C16,0.768,-0.626,0.137,BICAPPED-OCTAHEDRAL.pdb
sandwich_5_5,FE,M,0,0,0,Sandwich_5_5.pdb
sandwich_5_5,C,L1,0,1,-1,Sandwich_5_5.pdb
sandwich_5_5,C,L2,-0.9511,0.309,-1,Sandwich_5_5.pdb
sandwich_5_5,C,L3,0.9511,0.309,-1,Sandwich_5_5.pdb
sandwich_5_5,C,L4,-0.5878,-0.809,-1,Sandwich_5_5.pdb
sandwich_5_5,C,L5,0.5878,-0.809,-1,Sandwich_5_5.pdb
sandwich_5_5,C,L6,0,1,1,Sandwich_5_5.pdb
sandwich_5_5,C,L7,-0.9511,0.309,1,Sandwich_5_5.pdb
sandwich_5_5,C,L8,0.9511,0.309,1,Sandwich_5_5.pdb
sandwich_5_5,C,L9,-0.5878,-0.809,1,Sandwich_5_5.pdb
sandwich_5_5,C,L10,0.5878,-0.809,1,Sandwich_5_5.pdb
sandwich_8_8,NP,Np,0,0,0,Sandwich_8_8.pdb
sandwich_8_8,C,C1,-0.574,-0.066,-0.816,Sandwich_8_8.pdb
sandwich_8_8,C,C2,-0.839,-0.305,-0.45,Sandwich_8_8.pdb
sandwich_8_8,C,C3,-0.744,-0.662,-0.092,Sandwich_8_8.pdb
sandwich_8_8,C,C8,-0.053,-0.086,-0.995,Sandwich_8_8.pdb
sandwich_8_8,C,C8A,0.053,0.086,0.995,Sandwich_8_8.pdb
sandwich_8_8,C,C7,-0.371,0.37,0.852,Sandwich_8_8.pdb
sandwich_8_8,C,C4,-0.305,-0.951,0.045,Sandwich_8_8.pdb
sandwich_8_8,C,C5,-0.2,0.97,0.138,Sandwich_8_8.pdb
sandwich_8_8,C,C6,-0.471,0.721,0.509,Sandwich_8_8.pdb
sandwich_8_8,C,C5A,0.2,-0.97,-0.138,Sandwich_8_8.pdb
sandwich_8_8,C,C6A,0.471,-0.721,-0.509,Sandwich_8_8.pdb
sandwich_8_8,C,C7A,0.371,-0.37,-0.852,Sandwich_8_8.pdb
sandwich_8_8,C,C1A,0.574,0.066,0.816,Sandwich_8_8.pdb
sandwich_8_8,C,C2A,0.839,0.305,0.45,Sandwich_8_8.pdb
sandwich_8_8,C,C4A,0.305,0.951,-0.045,Sandwich_8_8.pdb
sandwich_8_8,C,C3A,0.744,0.662,0.092,Sandwich_8_8.pdb
bicapped-square-planar,RH,Rh2,0,0,0,BICAPPED-SQUARE-PLANAR.pdb
bicapped-square-planar,C,C4,-0.439,-0.898,-0.038,BICAPPED-SQUARE-PLANAR.pdb
bicapped-square-planar,C,C13,-0.885,0.424,0.192,BICAPPED-SQUARE-PLANAR.pdb
bicapped-square-planar,C,C18,0.24,0.95,-0.199,BICAPPED-SQUARE-PLANAR.pdb
bicapped-square-planar,C,C14,-0.564,0.313,0.764,BICAPPED-SQUARE-PLANAR.pdb
bicapped-square-planar,CL,Cl2,0.772,-0.343,-0.535,BICAPPED-SQUARE-PLANAR.pdb
bicapped-square-planar,C,C17,0.577,0.76,0.299,BICAPPED-SQUARE-PLANAR.pdb
sandwich_5_2,CO,CO1,0,0,0,Sandwich_5_2.pdb
sandwich_5_2,C,C3,-0.156,-0.866,0.475,Sandwich_5_2.pdb
sandwich_5_2,N,N1,-0.267,0.829,-0.491,Sandwich_5_2.pdb
sandwich_5_2,C,C1,-0.329,-0.714,-0.619,Sandwich_5_2.pdb
sandwich_5_2,C,C2,-0.645,-0.764,-0.006,Sandwich_5_2.pdb
sandwich_5_2,C,C5,0.351,-0.779,-0.519,Sandwich_5_2.pdb
sandwich_5_2,C,C4,0.457,-0.876,0.156,Sandwich_5_2.pdb
sandwich_5_2,N,N2,0.416,0.651,0.635,Sandwich_5_2.pdb
pentagonal-bipyramid,M,M,0,0,0,PENTAGONAL-BIPYRAMID.pdb
pentagonal-bipyramid,L1,L1,1,0,0,PENTAGONAL-BIPYRAMID.pdb
pentagonal-bipyramid,L2,L2,0.309,0.9511,0,PENTAGONAL-BIPYRAMID.pdb
pentagonal-bipyramid,L3,L3,-0.809,0.5878,0,PENTAGONAL-BIPYRAMID.pdb
pentagonal-bipyramid,L4,L4,-0.809,-0.5878,0,PENTAGONAL-BIPYRAMID.pdb
pentagonal-bipyramid,L5,L5,0.309,-0.9511,0,PENTAGONAL-BIPYRAMID.pdb
pentagonal-bipyramid,L6,L6,0,0,1,PENTAGONAL-BIPYRAMID.pdb
pentagonal-bipyramid,L7,L7,0,0,-1,PENTAGONAL-BIPYRAMID.pdb
cubic,M,M,0,0,0,CUBIC.pdb
cubic,L1,L1,0.5,0.5,0.5,CUBIC.pdb
cubic,L2,L2,-0.5,0.5,0.5,CUBIC.pdb
cubic,L3,L3,-0.5,-0.5,0.5,CUBIC.pdb
cubic,L4,L4,0.5,-0.5,0.5,CUBIC.pdb
cubic,L5,L5,0.5,0.5,-0.5,CUBIC.pdb
cubic,L6,L6,-0.5,0.5,-0.5,CUBIC.pdb
cubic,L7,L7,-0.5,-0.5,-0.5,CUBIC.pdb
cubic,L8,L8,0.5,-0.5,-0.5,CUBIC.pdb
pentagonal-antiprismatic,M,M,0,0,0,PENTAGONAL-ANTIPRISMATIC.pdb
pentagonal-antiprismatic,L1,L1,0.309,0.9511,0.6,PENTAGONAL-ANTIPRISMATIC.pdb
pentagonal-antiprismatic,L2,L2,-0.809,0.5878,0.6,PENTAGONAL-ANTIPRISMATIC.pdb
pentagonal-antiprismatic,L3,L3,-0.809,-0.5878,0.6,PENTAGONAL-ANTIPRISMATIC.pdb
pentagonal-antiprismatic,L4,L4,0.309,-0.9511,0.6,PENTAGONAL-ANTIPRISMATIC.pdb
pentagonal-antiprismatic,L5,L5,1,0,0.6,PENTAGONAL-ANTIPRISMATIC.pdb
pentagonal-antiprismatic,L6,L6,0.809,0.5878,-0.6,PENTAGONAL-ANTIPRISMATIC.pdb
pentagonal-antiprismatic,L7,L7,-0.309,0.9511,-0.6,PENTAGONAL-ANTIPRISMATIC.pdb
pentagonal-antiprismatic,L8,L8,-1,0,-0.6,PENTAGONAL-ANTIPRISMATIC.pdb
pentagonal-antiprismatic,L9,L9,0.809,-0.5878,-0.6,PENTAGONAL-ANTIPRISMATIC.pdb
pentagonal-antiprismatic,10,L10,-0.309,-0.9511,-0.6,PENTAGONAL-ANTIPRISMATIC.pdb
sandwich_6_2,RU,Ru1,0,0,0,Sandwich_6_2.pdb
sandwich_6_2,N,N2,0.854,0.197,0.482,Sandwich_6_2.pdb
sandwich_6_2,N,N3,0.69,-0.351,-0.633,Sandwich_6_2.pdb
sandwich_6_2,C,C26,-0.832,0.114,-0.543,Sandwich_6_2.pdb
sandwich_6_2,C,C27,-0.792,0.596,-0.131,Sandwich_6_2.pdb
sandwich_6_2,C,C28,-0.731,0.472,0.493,Sandwich_6_2.pdb
sandwich_6_2,C,C29,-0.703,-0.122,0.701,Sandwich_6_2.pdb
sandwich_6_2,C,C30,-0.735,-0.61,0.295,Sandwich_6_2.pdb
sandwich_6_2,C,C31,-0.81,-0.483,-0.332,Sandwich_6_2.pdb
hexagonal-bipyramid,M,M,0,0,0,HEXAGONAL-BIPYRAMID.pdb
hexagonal-bipyramid,L1,L1,0.866,0.5,0,HEXAGONAL-BIPYRAMID.pdb
hexagonal-bipyramid,L2,L2,0.866,-0.5,0,HEXAGONAL-BIPYRAMID.pdb
hexagonal-bipyramid,L3,L3,0,1,0,HEXAGONAL-BIPYRAMID.pdb
hexagonal-bipyramid,L4,L4,-0.866,0.5,0,HEXAGONAL-BIPYRAMID.pdb
hexagonal-bipyramid,L5,L5,-0.866,-0.5,0,HEXAGONAL-BIPYRAMID.pdb
hexagonal-bipyramid,L6,L6,0,-1,0,HEXAGONAL-BIPYRAMID.pdb
hexagonal-bipyramid,L7,L7,0,0,-1,HEXAGONAL-BIPYRAMID.pdb
hexagonal-bipyramid,L8,L8,0,0,1,HEXAGONAL-BIPYRAMID.pdb
sandwich_7_1,ZR,Zr,0,0,0,Sandwich_7_1.pdb
sandwich_7_1,C,C4,-0.802,0.542,-0.251,Sandwich_7_1.pdb
sandwich_7_1,C,C5,-0.808,0.472,0.353,Sandwich_7_1.pdb
sandwich_7_1,C,C2,-0.631,-0.487,-0.604,Sandwich_7_1.pdb
sandwich_7_1,C,C3,-0.722,0.11,-0.684,Sandwich_7_1.pdb
sandwich_7_1,N,N1,0.987,0.158,0.001,Sandwich_7_1.pdb
sandwich_7_1,C,C1,-0.588,-0.804,-0.087,Sandwich_7_1.pdb
sandwich_7_1,C,C6,-0.735,-0.034,0.677,Sandwich_7_1.pdb
sandwich_7_1,C,C7,-0.633,-0.602,0.487,Sandwich_7_1.pdb
sandwich_6_1,NI,NI1,0,0,0,Sandwich_6_1.pdb
sandwich_6_1,C,C4,-0.599,0.591,-0.541,Sandwich_6_1.pdb
sandwich_6_1,C,C5,-0.57,0.817,0.089,Sandwich_6_1.pdb
sandwich_6_1,P,P1,0.009,-0.932,0.362,Sandwich_6_1.pdb
sandwich_6_1,C,C3,-0.04,0.476,-0.878,Sandwich_6_1.pdb
sandwich_6_1,C,C1,0.581,0.813,0.023,Sandwich_6_1.pdb
sandwich_6_1,C,C2,0.543,0.593,-0.595,Sandwich_6_1.pdb
sandwich_6_1,C,C6,0.024,0.933,0.359,Sandwich_6_1.pdb
tricapped-trigonal-prismatic,M,M,0,0,0,TRICAPPED-TRIGONAL-PRISMATIC.pdb
tricapped-trigonal-prismatic,L1,L1,-0.6547,-0.378,0.6547,TRICAPPED-TRIGONAL-PRISMATIC.pdb
tricapped-trigonal-prismatic,L2,L2,-0.6547,-0.378,-0.6547,TRICAPPED-TRIGONAL-PRISMATIC.pdb
tricapped-trigonal-prismatic,L3,L3,0.6547,-0.378,0.6547,TRICAPPED-TRIGONAL-PRISMATIC.pdb
tricapped-trigonal-prismatic,L4,L4,0.6547,-0.378,-0.6547,TRICAPPED-TRIGONAL-PRISMATIC.pdb
tricapped-trigonal-prismatic,L5,L5,0,0.7559,0.6547,TRICAPPED-TRIGONAL-PRISMATIC.pdb
tricapped-trigonal-prismatic,L6,L6,0,0.7559,-0.6547,TRICAPPED-TRIGONAL-PRISMATIC.pdb
tricapped-trigonal-prismatic,L7,L7,0,-1,0,TRICAPPED-TRIGONAL-PRISMATIC.pdb
tricapped-trigonal-prismatic,L8,L8,0.866,0.5,0,TRICAPPED-TRIGONAL-PRISMATIC.pdb
tricapped-trigonal-prismatic,L9,L9,-0.866,0.5,0,TRICAPPED-TRIGONAL-PRISMATIC.pdb
sandwich_6_5,FE,M,0,0,0,Sandwich_6_5.pdb
sandwich_6_5,C,L1,1,0,1,Sandwich_6_5.pdb
sandwich_6_5,C,L2,-1,0,1,Sandwich_6_5.pdb
sandwich_6_5,C,L3,0.5,0.866,1,Sandwich_6_5.pdb
sandwich_6_5,C,L4,-0.5,0.866,1,Sandwich_6_5.pdb
sandwich_6_5,C,L5,0.5,-0.866,1,Sandwich_6_5.pdb
sandwich_6_5,C,L6,-0.5,-0.866,1,Sandwich_6_5.pdb
sandwich_6_5,C,L7,0,1,-1,Sandwich_6_5.pdb
sandwich_6_5,C,L8,-0.9511,0.309,-1,Sandwich_6_5.pdb
sandwich_6_5,C,L9,0.9511,0.309,-1,Sandwich_6_5.pdb
sandwich_6_5,C,L10,-0.5878,-0.809,-1,Sandwich_6_5.pdb
sandwich_6_5,C,L11,0.5878,-0.809,-1,Sandwich_6_5.pdb
trigonal-pyramid,M,M,0,0,0,TRIGONAL-PYRAMID.pdb
trigonal-pyramid,L1,L1,-1,0,0,TRIGONAL-PYRAMID.pdb
trigonal-pyramid,L2,L2,0.5,0.866,0,TRIGONAL-PYRAMID.pdb
trigonal-pyramid,L3,L3,0.5,-0.866,0,TRIGONAL-PYRAMID.pdb
trigonal-pyramid,L4,L4,0,0,1,TRIGONAL-PYRAMID.pdb
trigonal-bipyramid,M,M,0,0,0,TRIGONAL-BIPYRAMID.pdb
trigonal-bipyramid,L1,L1,-1,0,0,TRIGONAL-BIPYRAMID.pdb
trigonal-bipyramid,L2,L2,0.5,0.866,0,TRIGONAL-BIPYRAMID.pdb
trigonal-bipyramid,L3,L3,0.5,-0.866,0,TRIGONAL-BIPYRAMID.pdb
trigonal-bipyramid,L4,L4,0,0,1,TRIGONAL-BIPYRAMID.pdb
trigonal-bipyramid,L5,L5,0,0,-1,TRIGONAL-BIPYRAMID.pdb
tetrahedral,M,M,0,0,0,TETRAHEDRAL.pdb
tetrahedral,L1,L1,-0.5774,-0.5774,0.5774,TETRAHEDRAL.pdb
tetrahedral,L2,L2,0.5774,0.5774,0.5774,TETRAHEDRAL.pdb
tetrahedral,L3,L3,-0.5774,0.5774,-0.5774,TETRAHEDRAL.pdb
tetrahedral,L4,L4,0.5774,-0.5774,-0.5774,TETRAHEDRAL.pdb
sandwich_4_2,RH,Rh6,0,0,0,Sandwich_4_2.pdb
sandwich_4_2,B,B2,-0.991,0.082,-0.109,Sandwich_4_2.pdb
sandwich_4_2,N,N3,-0.729,0.673,0.126,Sandwich_4_2.pdb
sandwich_4_2,P,P10,0.642,-0.755,0.133,Sandwich_4_2.pdb
sandwich_4_2,C,C52,-0.842,-0.246,0.48,Sandwich_4_2.pdb
sandwich_4_2,C,C53,-0.598,0.334,0.729,Sandwich_4_2.pdb
sandwich_4_2,CL,Cl7,0.645,0.45,-0.617,Sandwich_4_2.pdb
linear,M,M,0,0,0,LINEAR.pdb
linear,L1,L1,-1,0,0,LINEAR.pdb
linear,L2,L2,1,0,0,LINEAR.pdb
sandwich_4h_2,RH,Rh2,0,0,0,Sandwich_4H_2.pdb
sandwich_4h_2,P,P2,-0.259,0.284,0.923,Sandwich_4H_2.pdb
sandwich_4h_2,CL,Cl2,-0.206,-0.964,0.171,Sandwich_4H_2.pdb
sandwich_4h_2,C,C31,0.657,0.065,-0.751,Sandwich_4H_2.pdb
sandwich_4h_2,C,C32,0.12,-0.209,-0.971,Sandwich_4H_2.pdb
sandwich_4h_2,C,C29,-0.021,0.937,-0.349,Sandwich_4H_2.pdb
sandwich_4h_2,C,C30,0.585,0.674,-0.452,Sandwich_4H_2.pdb
penta-trigonal-planar_i,TH,Th1,0,0,0,PENTA-TRIGONAL-PLANAR_I.pdb
penta-trigonal-planar_i,C,C11,0.473,-0.852,-0.223,PENTA-TRIGONAL-PLANAR_I.pdb
penta-trigonal-planar_i,C,C2,-0.258,0.187,-0.948,PENTA-TRIGONAL-PLANAR_I.pdb
penta-trigonal-planar_i,O,O1,-0.603,-0.636,0.482,PENTA-TRIGONAL-PLANAR_I.pdb
penta-trigonal-planar_i,C,C1,-0.555,-0.182,-0.812,PENTA-TRIGONAL-PLANAR_I.pdb
penta-trigonal-planar_i,C,C12,0.573,-0.565,-0.594,PENTA-TRIGONAL-PLANAR_I.pdb
penta-trigonal-planar_i,C,C15,0.71,-0.682,0.174,PENTA-TRIGONAL-PLANAR_I.pdb
penta-trigonal-planar_i,C,C23,-0.005,0.256,0.967,PENTA-TRIGONAL-PLANAR_I.pdb
penta-trigonal-planar_i,C,C24,0.45,0.352,0.821,PENTA-TRIGONAL-PLANAR_I.pdb
penta-trigonal-planar_i,C,C3,-0.394,0.599,-0.697,PENTA-TRIGONAL-PLANAR_I.pdb
penta-trigonal-planar_i,C,C4,-0.781,0.469,-0.413,PENTA-TRIGONAL-PLANAR_I.pdb
penta-trigonal-planar_i,C,C5,-0.875,-0.003,-0.485,PENTA-TRIGONAL-PLANAR_I.pdb
penta-trigonal-planar_i,C,C21,-0.038,0.877,0.479,PENTA-TRIGONAL-PLANAR_I.pdb
penta-trigonal-planar_i,C,C22,-0.302,0.577,0.759,PENTA-TRIGONAL-PLANAR_I.pdb
penta-trigonal-planar_i,C,C25,0.44,0.738,0.512,PENTA-TRIGONAL-PLANAR_I.pdb
penta-trigonal-planar_i,C,C13,0.868,-0.206,-0.452,PENTA-TRIGONAL-PLANAR_I.pdb
penta-trigonal-planar_i,C,C14,0.959,-0.282,0.03,PENTA-TRIGONAL-PLANAR_I.pdb
sandwich_4h_4,MO,Mo1,0,0,0,Sandwich_4H_4.pdb
sandwich_4h_4,P,P1,-0.903,0.424,-0.073,Sandwich_4H_4.pdb
sandwich_4h_4,C,C32,-0.598,-0.79,-0.139,Sandwich_4H_4.pdb
sandwich_4h_4,C,C31,0.13,0.409,-0.903,Sandwich_4H_4.pdb
sandwich_4h_4,C,C8,-0.141,0.303,0.943,Sandwich_4H_4.pdb
sandwich_4h_4,C,C9,0.22,-0.186,0.958,Sandwich_4H_4.pdb
sandwich_4h_4,C,C7,0.043,0.796,0.604,Sandwich_4H_4.pdb
sandwich_4h_4,P,P2,0.668,-0.603,-0.436,Sandwich_4H_4.pdb
sandwich_4h_4,C,C10,0.743,-0.142,0.654,Sandwich_4H_4.pdb
sandwich_5_1,CU,Cu1,0,0,0,Sandwich_5_1.pdb
sandwich_5_1,P,P1,-0.404,0.584,-0.704,Sandwich_5_1.pdb
sandwich_5_1,C,C11,0.646,-0.003,0.763,Sandwich_5_1.pdb
sandwich_5_1,C,C12,0.909,-0.32,0.267,Sandwich_5_1.pdb
sandwich_5_1,C,C13,0.537,-0.833,0.134,Sandwich_5_1.pdb
sandwich_5_1,C,C14,0.042,-0.836,0.547,Sandwich_5_1.pdb
sandwich_5_1,C,C15,0.104,-0.319,0.942,Sandwich_5_1.pdb
sandwich_7_2,ZR,Zr,0,0,0,Sandwich_7_2.pdb
sandwich_7_2,C,C2,-0.828,-0.179,-0.532,Sandwich_7_2.pdb
sandwich_7_2,C,C3,-0.961,-0.269,0.058,Sandwich_7_2.pdb
sandwich_7_2,N,N1,0.512,0.849,-0.129,Sandwich_7_2.pdb
sandwich_7_2,C,C1,-0.364,-0.393,-0.845,Sandwich_7_2.pdb
sandwich_7_2,C,C6,0.197,-0.975,-0.107,Sandwich_7_2.pdb
sandwich_7_2,C,C7,0.095,-0.742,-0.663,Sandwich_7_2.pdb
sandwich_7_2,N,N4,0.356,0.509,0.783,Sandwich_7_2.pdb
sandwich_7_2,C,C4,-0.652,-0.597,0.468,Sandwich_7_2.pdb
sandwich_7_2,C,C5,-0.138,-0.909,0.394,Sandwich_7_2.pdb
square-antiprismatic,M,M,0,0,0,SQUARE-ANTIPRISMATIC.pdb
square-antiprismatic,L1,L1,0,0.7071,0.5,SQUARE-ANTIPRISMATIC.pdb
square-antiprismatic,L2,L2,0,-0.7071,0.5,SQUARE-ANTIPRISMATIC.pdb
square-antiprismatic,L3,L3,0.7071,0,0.5,SQUARE-ANTIPRISMATIC.pdb
square-antiprismatic,L4,L4,-0.7071,0,0.5,SQUARE-ANTIPRISMATIC.pdb
square-antiprismatic,L5,L5,0.5,0.5,-0.5,SQUARE-ANTIPRISMATIC.pdb
square-antiprismatic,L6,L6,-0.5,0.5,-0.5,SQUARE-ANTIPRISMATIC.pdb
square-antiprismatic,L7,L7,-0.5,-0.5,-0.5,SQUARE-ANTIPRISMATIC.pdb
square-antiprismatic,L8,L8,0.5,-0.5,-0.5,SQUARE-ANTIPRISMATIC.pdb
sandwich_4_3,FE,Fe2,0,0,0,Sandwich_4_3.pdb
sandwich_4_3,C,C21,-0.544,-0.637,-0.546,Sandwich_4_3.pdb
sandwich_4_3,C,C23,0.49,0.489,-0.722,Sandwich_4_3.pdb
sandwich_4_3,C,C2B,0.79,-0.502,0.352,Sandwich_4_3.pdb
sandwich_4_3,C,C3B,0.194,-0.706,0.681,Sandwich_4_3.pdb
sandwich_4_3,C,C4B,0.142,-0.083,0.986,Sandwich_4_3.pdb
sandwich_4_3,C,C5B,0.731,0.14,0.668,Sandwich_4_3.pdb
sandwich_4_3,C,C22,-0.721,0.672,0.169,Sandwich_4_3.pdb
trigonal-prism,M,M,0,0,0,TRIGONAL-PRISM.pdb
trigonal-prism,L1,L1,-0.6547,-0.378,0.6547,TRIGONAL-PRISM.pdb
trigonal-prism,L2,L2,-0.6547,-0.378,-0.6547,TRIGONAL-PRISM.pdb
trigonal-prism,L3,L3,0.6547,-0.378,0.6547,TRIGONAL-PRISM.pdb
trigonal-prism,L4,L4,0.6547,-0.378,-0.6547,TRIGONAL-PRISM.pdb
trigonal-prism,L5,L5,0,0.7559,0.6547,TRIGONAL-PRISM.pdb
trigonal-prism,L6,L6,0,0.7559,-0.6547,TRIGONAL-PRISM.pdb
bicapped-linear,CO,Co1,0,0,0,BICAPPED-LINEAR.pdb
bicapped-linear,N,N1,-0.477,-1.794,-0.744,BICAPPED-LINEAR.pdb
bicapped-linear,N,N2,-1.758,-0.709,0.638,BICAPPED-LINEAR.pdb
bicapped-linear,N,N1A,0.477,1.794,-0.744,BICAPPED-LINEAR.pdb
bicapped-linear,N,N2A,1.758,0.709,0.638,BICAPPED-LINEAR.pdb
t-shape,M,M,0,0,0,T-SHAPE.pdb
t-shape,L1,L1,-1,0,0,T-SHAPE.pdb
t-shape,L2,L2,1,0,0,T-SHAPE.pdb
t-shape,L3,L3,0,-1,0,T-SHAPE.pdb
sandwich_7_5,ZR,Zr1,0,0,0,Sandwich_7_5.pdb
sandwich_7_5,C,C12,-0.103,0.273,-0.956,Sandwich_7_5.pdb
sandwich_7_5,C,C13,0.462,0.066,-0.885,Sandwich_7_5.pdb
sandwich_7_5,C,C8,0.797,0.603,0.021,Sandwich_7_5.pdb
sandwich_7_5,C,C7,0.869,0.212,-0.447,Sandwich_7_5.pdb
sandwich_7_5,C,C4,-0.192,-0.968,0.159,Sandwich_7_5.pdb
sandwich_7_5,C,C2A,-0.552,-0.364,0.751,Sandwich_7_5.pdb
sandwich_7_5,C,C5,0.21,-0.817,0.537,Sandwich_7_5.pdb
sandwich_7_5,C,C1,-0.014,-0.445,0.895,Sandwich_7_5.pdb
sandwich_7_5,C,C3A,-0.664,-0.686,0.296,Sandwich_7_5.pdb
sandwich_7_5,C,C10,-0.225,0.967,-0.119,Sandwich_7_5.pdb
sandwich_7_5,C,C9,0.312,0.936,0.165,Sandwich_7_5.pdb
sandwich_7_5,C,C11A,-0.408,0.674,-0.616,Sandwich_7_5.pdb
sandwich_5_4,FE,M,0,0,0,Sandwich_5_4.pdb
sandwich_5_4,C,L1,0,1,1,Sandwich_5_4.pdb
sandwich_5_4,C,L2,-0.9511,0.309,1,Sandwich_5_4.pdb
sandwich_5_4,C,L3,0.9511,0.309,1,Sandwich_5_4.pdb
sandwich_5_4,C,L4,-0.5878,-0.809,1,Sandwich_5_4.pdb
sandwich_5_4,C,L5,0.5878,-0.809,1,Sandwich_5_4.pdb
sandwich_5_4,C,L6,0.7071,0.7071,-1,Sandwich_5_4.pdb
sandwich_5_4,C,L7,-0.7071,0.7071,-1,Sandwich_5_4.pdb
sandwich_5_4,C,L8,-0.7071,-0.7071,-1,Sandwich_5_4.pdb
sandwich_5_4,C,L9,0.7071,-0.7071,-1,Sandwich_5_4.pdb
bent,M,M,0,0,0,BENT.pdb
bent,L1,L1,-1,0,0,BENT.pdb
bent,L2,L2,0.5,-0.866,0,BENT.pdb
paired-octahedral,GD,Gd1,0,0,0,PAIRED-OCTAHEDRAL.pdb
paired-octahedral,O,O1,-0.726,0.51,-0.462,PAIRED-OCTAHEDRAL.pdb
paired-octahedral,N,N1,-0.576,0.145,-0.805,PAIRED-OCTAHEDRAL.pdb
paired-octahedral,O,O1A,0.726,-0.51,0.462,PAIRED-OCTAHEDRAL.pdb
paired-octahedral,O,O1B,-0.51,0.462,0.726,PAIRED-OCTAHEDRAL.pdb
paired-octahedral,O,O1C,0.462,0.726,-0.51,PAIRED-OCTAHEDRAL.pdb
paired-octahedral,O,O1D,0.51,-0.462,-0.726,PAIRED-OCTAHEDRAL.pdb
paired-octahedral,O,O1E,-0.462,-0.726,0.51,PAIRED-OCTAHEDRAL.pdb
paired-octahedral,N,N1A,0.576,-0.145,0.805,PAIRED-OCTAHEDRAL.pdb
paired-octahedral,N,N1B,-0.145,0.805,0.576,PAIRED-OCTAHEDRAL.pdb
paired-octahedral,N,N1C,0.805,0.576,-0.145,PAIRED-OCTAHEDRAL.pdb
paired-octahedral,N,N1D,0.145,-0.805,-0.576,PAIRED-OCTAHEDRAL.pdb
paired-octahedral,N,N1E,-0.805,-0.576,0.145,PAIRED-OCTAHEDRAL.pdb
truncated-cuboctahedron,YB,Yb1,0,0,0,Truncated-cuboctahedron.pdb
truncated-cuboctahedron,B,B1M,-0.89,-0.456,0,Truncated-cuboctahedron.pdb
truncated-cuboctahedron,B,B1N,0,0.456,-0.89,Truncated-cuboctahedron.pdb
truncated-cuboctahedron,B,B1O,0,-0.456,-0.89,Truncated-cuboctahedron.pdb
truncated-cuboctahedron,B,B1P,-0.89,0.456,0,Truncated-cuboctahedron.pdb
truncated-cuboctahedron,B,B1Q,0,-0.89,0.456,Truncated-cuboctahedron.pdb
truncated-cuboctahedron,B,B1R,0,-0.89,-0.456,Truncated-cuboctahedron.pdb
truncated-cuboctahedron,B,B1S,-0.89,0,0.456,Truncated-cuboctahedron.pdb
truncated-cuboctahedron,B,B1T,-0.89,0,-0.456,Truncated-cuboctahedron.pdb
truncated-cuboctahedron,B,B1U,0.456,-0.89,0,Truncated-cuboctahedron.pdb
truncated-cuboctahedron,B,B1V,-0.456,-0.89,0,Truncated-cuboctahedron.pdb
truncated-cuboctahedron,B,B1W,0.456,0,-0.89,Truncated-cuboctahedron.pdb
truncated-cuboctahedron,B,B1X,-0.456,0,-0.89,Truncated-cuboctahedron.pdb
truncated-cuboctahedron,B,B1Z,0,0.456,0.89,Truncated-cuboctahedron.pdb
truncated-cuboctahedron,B,B10,0.456,0,0.89,Truncated-cuboctahedron.pdb
truncated-cuboctahedron,B,B11,0,-0.456,0.89,Truncated-cuboctahedron.pdb
truncated-cuboctahedron,B,B15,-0.456,0,0.89,Truncated-cuboctahedron.pdb
truncated-cuboctahedron,B,B16,0,0.89,0.456,Truncated-cuboctahedron.pdb
truncated-cuboctahedron,B,B18,0.456,0.89,0,Truncated-cuboctahedron.pdb
truncated-cuboctahedron,B,B1AD,0,0.89,-0.456,Truncated-cuboctahedron.pdb
truncated-cuboctahedron,B,B1AE,-0.456,0.89,0,Truncated-cuboctahedron.pdb
truncated-cuboctahedron,B,B1AF,0.89,0.456,0,Truncated-cuboctahedron.pdb
truncated-cuboctahedron,B,B1AG,0.89,0,0.456,Truncated-cuboctahedron.pdb
truncated-cuboctahedron,B,B1AI,0.89,-0.456,0,Truncated-cuboctahedron.pdb
truncated-cuboctahedron,B,B1AK,0.89,0,-0.456,Truncated-cuboctahedron.pdb
sandwich_5_3,FE,FE,0,0,0,Sandwich_5_3.pdb
sandwich_5_3,C,C1,0,1,1,Sandwich_5_3.pdb
sandwich_5_3,C,C2,-0.9511,0.309,1,Sandwich_5_3.pdb
sandwich_5_3,C,C3,0.9511,0.309,1,Sandwich_5_3.pdb
sandwich_5_3,C,C4,-0.5878,-0.809,1,Sandwich_5_3.pdb
sandwich_5_3,C,C5,0.5878,-0.809,1,Sandwich_5_3.pdb
sandwich_5_3,C,C6,0,1,-1,Sandwich_5_3.pdb
sandwich_5_3,C,C7,-0.866,-0.5,-1,Sandwich_5_3.pdb
sandwich_5_3,C,C8,0.866,-0.5,-1,Sandwich_5_3.pdb
trigonal-planar,M,M,0,0,0,TRIGONAL-PLANAR.pdb
trigonal-planar,L1,L1,-1,0,0,TRIGONAL-PLANAR.pdb
trigonal-planar,L2,L2,0.5,0.866,0,TRIGONAL-PLANAR.pdb
trigonal-planar,L3,L3,0.5,-0.866,0,TRIGONAL-PLANAR.pdb
sandwich_8_5,Y,Y1,0,0,0,Sandwich_8_5.pdb
sandwich_8_5,C,C7,-0.949,-0.285,0.137,Sandwich_8_5.pdb
sandwich_8_5,C,C8,-0.632,-0.671,0.388,Sandwich_8_5.pdb
sandwich_8_5,C,C7A,-0.948,0.286,0.137,Sandwich_8_5.pdb
sandwich_8_5,C,C8A,-0.632,0.671,0.388,Sandwich_8_5.pdb
sandwich_8_5,C,C1,0.379,-0.274,-0.884,Sandwich_8_5.pdb
sandwich_8_5,C,C1A,0.379,0.274,-0.884,Sandwich_8_5.pdb
sandwich_8_5,C,C9,-0.202,-0.663,0.72,Sandwich_8_5.pdb
sandwich_8_5,C,C10,0.106,-0.277,0.955,Sandwich_8_5.pdb
sandwich_8_5,C,C10A,0.106,0.277,0.955,Sandwich_8_5.pdb
sandwich_8_5,C,C2,0.738,-0.444,-0.507,Sandwich_8_5.pdb
sandwich_8_5,C,C3,0.962,0,-0.275,Sandwich_8_5.pdb
sandwich_8_5,C,C2A,0.738,0.444,-0.507,Sandwich_8_5.pdb
sandwich_8_5,C,C9A,-0.202,0.664,0.72,Sandwich_8_5.pdb
tricapped-trigonal-planar,PT,Pt9,0,0,0,TRICAPPED-TRIGONAL-PLANAR.pdb
tricapped-trigonal-planar,B,B4,-0.844,-0.164,-0.511,TRICAPPED-TRIGONAL-PLANAR.pdb
tricapped-trigonal-planar,B,B8,-0.663,0.621,-0.419,TRICAPPED-TRIGONAL-PLANAR.pdb
tricapped-trigonal-planar,B,B10,-0.218,-0.605,-0.766,TRICAPPED-TRIGONAL-PLANAR.pdb
tricapped-trigonal-planar,P,P91,0.127,0.601,0.789,TRICAPPED-TRIGONAL-PLANAR.pdb
tricapped-trigonal-planar,P,P92,0.716,-0.562,0.414,TRICAPPED-TRIGONAL-PLANAR.pdb
hexagonal-planar,M,M,0,0,0,HEXAGONAL-PLANAR.pdb
hexagonal-planar,L1,L1,0.866,0.5,0,HEXAGONAL-PLANAR.pdb
hexagonal-planar,L2,L2,0.866,-0.5,0,HEXAGONAL-PLANAR.pdb
hexagonal-planar,L3,L3,0,1,0,HEXAGONAL-PLANAR.pdb
hexagonal-planar,L4,L4,-0.866,0.5,0,HEXAGONAL-PLANAR.pdb
hexagonal-planar,L5,L5,-0.866,-0.5,0,HEXAGONAL-PLANAR.pdb
hexagonal-planar,L6,L6,0,-1,0,HEXAGONAL-PLANAR.pdb
penta-trigonal-planar,Y,Y1,0,0,0,PENTA-TRIGONAL-PLANAR.pdb
penta-trigonal-planar,C,C1,0.475,-0.88,-0.004,PENTA-TRIGONAL-PLANAR.pdb
penta-trigonal-planar,C,C1A,-1,0.028,-0.004,PENTA-TRIGONAL-PLANAR.pdb
penta-trigonal-planar,C,C2,-0.868,-0.255,0.426,PENTA-TRIGONAL-PLANAR.pdb
penta-trigonal-planar,C,C3,-0.671,-0.697,0.253,PENTA-TRIGONAL-PLANAR.pdb
penta-trigonal-planar,C,C4,-0.669,-0.699,-0.253,PENTA-TRIGONAL-PLANAR.pdb
penta-trigonal-planar,C,C5,-0.864,-0.257,-0.432,PENTA-TRIGONAL-PLANAR.pdb
penta-trigonal-planar,C,C2A,0.213,0.879,0.426,PENTA-TRIGONAL-PLANAR.pdb
penta-trigonal-planar,C,C3A,-0.268,0.929,0.253,PENTA-TRIGONAL-PLANAR.pdb
penta-trigonal-planar,C,C4A,-0.271,0.929,-0.253,PENTA-TRIGONAL-PLANAR.pdb
penta-trigonal-planar,C,C5A,0.209,0.877,-0.432,PENTA-TRIGONAL-PLANAR.pdb
penta-trigonal-planar,C,C2B,0.655,-0.624,0.426,PENTA-TRIGONAL-PLANAR.pdb
penta-trigonal-planar,C,C3B,0.939,-0.232,0.253,PENTA-TRIGONAL-PLANAR.pdb
penta-trigonal-planar,C,C4B,0.94,-0.23,-0.253,PENTA-TRIGONAL-PLANAR.pdb
penta-trigonal-planar,C,C5B,0.655,-0.62,-0.432,PENTA-TRIGONAL-PLANAR.pdb
penta-trigonal-planar,C,C1B,0.524,0.851,-0.004,PENTA-TRIGONAL-PLANAR.pdb
square-planar,M,M,0,0,0,SQUARE-PLANAR.pdb
square-planar,L1,L1,-1,0,0,SQUARE-PLANAR.pdb
square-planar,L2,L2,1,0,0,SQUARE-PLANAR.pdb
square-planar,L3,L3,0,1,0,SQUARE-PLANAR.pdb
square-planar,L4,L4,0,-1,0,SQUARE-PLANAR.pdb
sandwich_6_3,CR,Cr,0,0,0,Sandwich_6_3.pdb
sandwich_6_3,C,C1,0.195,-0.79,0.581,Sandwich_6_3.pdb
sandwich_6_3,C,C2,0.535,-0.337,-0.774,Sandwich_6_3.pdb
sandwich_6_3,C,C2A,-0.56,-0.296,-0.774,Sandwich_6_3.pdb
sandwich_6_3,C,C3,-0.029,-0.634,-0.773,Sandwich_6_3.pdb
sandwich_6_3,C,C1A,0.587,0.564,0.581,Sandwich_6_3.pdb
sandwich_6_3,C,C1B,-0.782,0.226,0.581,Sandwich_6_3.pdb
sandwich_6_3,C,C2B,0.024,0.632,-0.774,Sandwich_6_3.pdb
sandwich_6_3,C,C3A,0.563,0.292,-0.773,Sandwich_6_3.pdb
sandwich_6_3,C,C3B,-0.534,0.342,-0.773,Sandwich_6_3.pdb
